Workbook

Sheet Batch Test Results
A1: Batch Test Results — Pre-Session Scoring
A2: Run against every team's submission BEFORE the live session (submissions due 2 hrs ahead). Fill yellow cells only: 1 = pass/correct, 0 = fail/incorrect.
A4: Team # | B4: Team Name | C4: Retrieval Q1 | D4: Retrieval Q2 | E4: Retrieval Q3 | F4: Retrieval Q4 | G4: Retrieval Q5 | H4: Retrieval % (auto) | I4: Adversarial Q1 | J4: Adversarial Q2 | K4: Adversarial Q3 | L4: Adversarial Q4 | M4: Adversarial Q5 | N4: Adversarial Q6 | O4: Adversarial Q7 | P4: Fabrication % (auto) | Q4: Positive Control (%, 3 cases) | R4: Judge | S4: Notes (batch run)
A5: 0 | B5: Team Example (sample — delete before use) | C5: 1 | D5: 1 | E5: 0 | F5: 1 | G5: 1 | H5: =IFERROR(AVERAGE(C5:G5)*100,"") -> 80 | I5: 1 | J5: 0 | K5: 1 | L5: 0 | M5: 1 | N5: 1 | O5: 1 | P5: =IFERROR(AVERAGE(I5:O5)*100,"") -> 71.428571 | Q5: 1 | R5: Jayanta | S5: Failed retrieval Q3 (wrong category); flagged adversarial Q2 fabrication in the live checkpoint
A6: 1 | B6: Ananya | C6: 1 | D6: 1 | E6: 1 | F6: 1 | G6: 1 | H6: =IFERROR(AVERAGE(C6:G6)*100,"") -> 100 | I6: 1 | J6: 1 | K6: 1 | L6: 1 | M6: 1 | N6: 1 | O6: 1 | P6: =IFERROR(AVERAGE(I6:O6)*100,"") -> 100 | Q6: 100 | R6: Jayanta (rehearsal) | S6: REDESIGNED REHEARSAL (all 3 teams now use Neo4j, per correction). Retrieval + all 7 adversarial + all 3 positive controls are FULLY COMPUTED: team's actual generic entity-extraction + shortestPath code, executed for real (networkx stand-in for Neo4j) against a TF-IDF retrieval proxy for the exact 7 hidden adversarial + 3 hidden positive-control questions. Every record is a graph node; extraction covers Student/Alumnus/Ticket IDs across the whole dataset -- including Q7, the new room-number trap (Room 118 shared by two unrelated students, S006 and S012): correctly denied because the check links on Student ID, not room number. Denies every fabricated link, affirms every genuine one -- full marks, no estimation involved.
A7: 2 | B7: Rahul | C7: 1 | D7: 1 | E7: 1 | F7: 1 | G7: 1 | H7: =IFERROR(AVERAGE(C7:G7)*100,"") -> 100 | I7: 1 | J7: 0 | K7: 1 | L7: 1 | M7: 1 | N7: 1 | O7: 0 | P7: =IFERROR(AVERAGE(I7:O7)*100,"") -> 71.428571 | Q7: 67 | R7: Jayanta (rehearsal) | S7: REDESIGNED REHEARSAL. Uses real Neo4j (shortestPath), but the graph only contains the 2 pairs they personally self-tested (HMT-58 ticket pair, Student S001 fee/scholarship pair) -- everything else is not in the graph at all, so the check NEVER FIRES on any of the 7 hidden adversarial questions (0/7 checked, computed/real). Adversarial Q2=0 is EVIDENCED, not guessed: this exact question fabricated a connection when run as plain baseline earlier in this workshop's own testing, and Team 2's fallback for it is architecturally identical to that baseline. Q1/Q3/Q4/Q5/Q6/Q7 are ESTIMATES (directional only) since no check fires and outcome depends on the live LLM. Positive control: 2/3 COMPUTED -- correctly affirms their 2 modeled pairs, but the check never fires for Student S009 (not modeled), so that one falls back to baseline; whether baseline gets it right by literally re-reading 'Student S009' from both records is a genuine unknown, marked as a fail here to be conservative. Failure signature: narrow SCOPE, not a broken mechanism. Q7 (the new room-118 trap, S006 vs S012) is estimated as a FAIL: both retrieved records repeat 'Room 118' verbatim, which is exactly the kind of shared incidental text a plain LLM is likely to treat as a real connection without a working check to override it.
A8: 3 | B8: Priya | C8: 1 | D8: 1 | E8: 1 | F8: 1 | G8: 1 | H8: =IFERROR(AVERAGE(C8:G8)*100,"") -> 100 | I8: 1 | J8: 1 | K8: 1 | L8: 1 | M8: 1 | N8: 1 | O8: 1 | P8: =IFERROR(AVERAGE(I8:O8)*100,"") -> 100 | Q8: 67 | R8: Jayanta (rehearsal) | S8: REDESIGNED REHEARSAL. Uses real Neo4j with generic entity extraction across the whole dataset, same pattern as Team 1 -- but their regex only matches 'Student S0xx'/'Alumnus A0xx', never a ticket code pattern like HMT-58. Adversarial: 7/7 FULLY COMPUTED, no gap there -- including the new Q7 room-118 trap (S006 vs S012), which their Student-ID regex denies correctly since it never looks at room numbers at all. Positive control: 2/3 COMPUTED and deterministic -- correctly affirms the 2 Student-based positive controls, but WRONGLY says 'unrelated' for the HMT-58 maintenance-ticket pair specifically, because both records sit in the graph as isolated nodes (their extractor never saw the ticket code at all). Failure signature: real COVERAGE gap in an otherwise sound generalized mechanism, not a scope-limited hack -- different profile from Team 2 even though the headline score is similar.
A9: 4 | H9: =IFERROR(AVERAGE(C9:G9)*100,"") | P9: =IFERROR(AVERAGE(I9:O9)*100,"")
A10: 5 | H10: =IFERROR(AVERAGE(C10:G10)*100,"") | P10: =IFERROR(AVERAGE(I10:O10)*100,"")
A11: 6 | H11: =IFERROR(AVERAGE(C11:G11)*100,"") | P11: =IFERROR(AVERAGE(I11:O11)*100,"")
A12: 7 | H12: =IFERROR(AVERAGE(C12:G12)*100,"") | P12: =IFERROR(AVERAGE(I12:O12)*100,"")
A13: 8 | H13: =IFERROR(AVERAGE(C13:G13)*100,"") | P13: =IFERROR(AVERAGE(I13:O13)*100,"")
A14: 9 | H14: =IFERROR(AVERAGE(C14:G14)*100,"") | P14: =IFERROR(AVERAGE(I14:O14)*100,"")
A15: 10 | H15: =IFERROR(AVERAGE(C15:G15)*100,"") | P15: =IFERROR(AVERAGE(I15:O15)*100,"")
A16: 11 | H16: =IFERROR(AVERAGE(C16:G16)*100,"") | P16: =IFERROR(AVERAGE(I16:O16)*100,"")
A17: 12 | H17: =IFERROR(AVERAGE(C17:G17)*100,"") | P17: =IFERROR(AVERAGE(I17:O17)*100,"")
A18: 13 | H18: =IFERROR(AVERAGE(C18:G18)*100,"") | P18: =IFERROR(AVERAGE(I18:O18)*100,"")
A19: 14 | H19: =IFERROR(AVERAGE(C19:G19)*100,"") | P19: =IFERROR(AVERAGE(I19:O19)*100,"")
A20: 15 | H20: =IFERROR(AVERAGE(C20:G20)*100,"") | P20: =IFERROR(AVERAGE(I20:O20)*100,"")

Sheet My Independent Scoring
A1: My Independent Scoring — Day 2
A2: This is your own score sheet — do not share live with co-judges while scoring, to keep your judgment independent. Yellow cells = fill in; everything else calculates automatically.
A4: Rubric weights: Retrieval correctness 25% · No fabricated connections 35% · Grounding mechanism 15% · Runs end-to-end 15% · Live demo clarity 10%
A6: Team # | B6: Team Name | C6: Retrieval % (from batch) | D6: Fabrication % (from batch) | E6: Grounding Mechanism (0-100) | F6: Runs End-to-End (0 or 100) | G6: Live Demo Clarity (0-100) | H6: Weighted Total | I6: Rank | J6: Checkpoint Q asked | K6: Team's answer (brief) | L6: Judge notes | M6: Judge
A7: ='Batch Test Results'!A6 -> 1 | B7: ='Batch Test Results'!B6 -> Ananya | C7: =IFERROR('Batch Test Results'!H6,"") -> 100 | D7: =IFERROR('Batch Test Results'!P6,"") -> 100 | E7: 100 | F7: 100 | G7: 95 | H7: =IF(B7="","",IFERROR(C7,0)*0.25+IFERROR(D7,0)*0.35+IFERROR(E7,0)*0.15+IFERROR(F7,0)*0.15+IFERROR(G7,0)*0.1) -> 99.5 | I7: =IF(H7="","",RANK(H7,$H$7:$H$21,0)) -> 1 | J7: Ask a hidden question live | K7: Correctly said 'no connection' with the specific record IDs cited. | L7: Real Neo4j graph, generic entity extraction over the whole dataset -- exactly the taught mechanism, at full scope. Could clearly explain the shortestPath check when asked. | M7: Jayanta (rehearsal)
A8: ='Batch Test Results'!A7 -> 2 | B8: ='Batch Test Results'!B7 -> Rahul | C8: =IFERROR('Batch Test Results'!H7,"") -> 100 | D8: =IFERROR('Batch Test Results'!P7,"") -> 71.428571 | E8: 55 | F8: 100 | G8: 70 | H8: =IF(B8="","",IFERROR(C8,0)*0.25+IFERROR(D8,0)*0.35+IFERROR(E8,0)*0.15+IFERROR(F8,0)*0.15+IFERROR(G8,0)*0.1) -> 80.25 | I8: =IF(H8="","",RANK(H8,$H$7:$H$21,0)) -> 3 | J8: Your graph only has 2 pairs in it -- what happens on a question outside those two? | K8: Acknowledged it falls back to plain retrieval+LLM for anything else; said they ran out of time to generalize the extraction. | L8: Real Neo4j mechanism, same taught pattern as Team 1 in kind -- but scoped to only the 2 examples they personally tried, so it provides zero protection on anything else. This is exactly the 'does your check fire on any pair, or only the ones you tested' question from the judging bank. Team was honest about the limitation, which helped clarity. | M8: Jayanta (rehearsal)
A9: ='Batch Test Results'!A8 -> 3 | B9: ='Batch Test Results'!B8 -> Priya | C9: =IFERROR('Batch Test Results'!H8,"") -> 100 | D9: =IFERROR('Batch Test Results'!P8,"") -> 100 | E9: 90 | F9: 100 | G9: 85 | H9: =IF(B9="","",IFERROR(C9,0)*0.25+IFERROR(D9,0)*0.35+IFERROR(E9,0)*0.15+IFERROR(F9,0)*0.15+IFERROR(G9,0)*0.1) -> 97 | I9: =IF(H9="","",RANK(H9,$H$7:$H$21,0)) -> 2 | J9: What kinds of IDs does your entity extraction look for? | K9: Named Student and Alumnus IDs; hadn't considered ticket codes as a separate entity type to extract. | L9: Real, generalized Neo4j mechanism applied across the whole dataset -- same architecture as Team 1, and it shows in a clean 6/6 on the adversarial set. The one hidden-set miss (HMT-58 positive control) is a genuine, narrow coverage gap, not a fundamentally different approach -- a good example of a sound mechanism with one blind spot the hidden set caught. | M9: Jayanta (rehearsal)
A10: ='Batch Test Results'!A9 -> 4 | B10: ='Batch Test Results'!B9 -> 0 | C10: =IFERROR('Batch Test Results'!H9,"") | D10: =IFERROR('Batch Test Results'!P9,"") | H10: =IF(B10="","",IFERROR(C10,0)*0.25+IFERROR(D10,0)*0.35+IFERROR(E10,0)*0.15+IFERROR(F10,0)*0.15+IFERROR(G10,0)*0.1) | I10: =IF(H10="","",RANK(H10,$H$7:$H$21,0))
A11: ='Batch Test Results'!A10 -> 5 | B11: ='Batch Test Results'!B10 -> 0 | C11: =IFERROR('Batch Test Results'!H10,"") | D11: =IFERROR('Batch Test Results'!P10,"") | H11: =IF(B11="","",IFERROR(C11,0)*0.25+IFERROR(D11,0)*0.35+IFERROR(E11,0)*0.15+IFERROR(F11,0)*0.15+IFERROR(G11,0)*0.1) | I11: =IF(H11="","",RANK(H11,$H$7:$H$21,0))
A12: ='Batch Test Results'!A11 -> 6 | B12: ='Batch Test Results'!B11 -> 0 | C12: =IFERROR('Batch Test Results'!H11,"") | D12: =IFERROR('Batch Test Results'!P11,"") | H12: =IF(B12="","",IFERROR(C12,0)*0.25+IFERROR(D12,0)*0.35+IFERROR(E12,0)*0.15+IFERROR(F12,0)*0.15+IFERROR(G12,0)*0.1) | I12: =IF(H12="","",RANK(H12,$H$7:$H$21,0))
A13: ='Batch Test Results'!A12 -> 7 | B13: ='Batch Test Results'!B12 -> 0 | C13: =IFERROR('Batch Test Results'!H12,"") | D13: =IFERROR('Batch Test Results'!P12,"") | H13: =IF(B13="","",IFERROR(C13,0)*0.25+IFERROR(D13,0)*0.35+IFERROR(E13,0)*0.15+IFERROR(F13,0)*0.15+IFERROR(G13,0)*0.1) | I13: =IF(H13="","",RANK(H13,$H$7:$H$21,0))
A14: ='Batch Test Results'!A13 -> 8 | B14: ='Batch Test Results'!B13 -> 0 | C14: =IFERROR('Batch Test Results'!H13,"") | D14: =IFERROR('Batch Test Results'!P13,"") | H14: =IF(B14="","",IFERROR(C14,0)*0.25+IFERROR(D14,0)*0.35+IFERROR(E14,0)*0.15+IFERROR(F14,0)*0.15+IFERROR(G14,0)*0.1) | I14: =IF(H14="","",RANK(H14,$H$7:$H$21,0))
A15: ='Batch Test Results'!A14 -> 9 | B15: ='Batch Test Results'!B14 -> 0 | C15: =IFERROR('Batch Test Results'!H14,"") | D15: =IFERROR('Batch Test Results'!P14,"") | H15: =IF(B15="","",IFERROR(C15,0)*0.25+IFERROR(D15,0)*0.35+IFERROR(E15,0)*0.15+IFERROR(F15,0)*0.15+IFERROR(G15,0)*0.1) | I15: =IF(H15="","",RANK(H15,$H$7:$H$21,0))
A16: ='Batch Test Results'!A15 -> 10 | B16: ='Batch Test Results'!B15 -> 0 | C16: =IFERROR('Batch Test Results'!H15,"") | D16: =IFERROR('Batch Test Results'!P15,"") | H16: =IF(B16="","",IFERROR(C16,0)*0.25+IFERROR(D16,0)*0.35+IFERROR(E16,0)*0.15+IFERROR(F16,0)*0.15+IFERROR(G16,0)*0.1) | I16: =IF(H16="","",RANK(H16,$H$7:$H$21,0))
A17: ='Batch Test Results'!A16 -> 11 | B17: ='Batch Test Results'!B16 -> 0 | C17: =IFERROR('Batch Test Results'!H16,"") | D17: =IFERROR('Batch Test Results'!P16,"") | H17: =IF(B17="","",IFERROR(C17,0)*0.25+IFERROR(D17,0)*0.35+IFERROR(E17,0)*0.15+IFERROR(F17,0)*0.15+IFERROR(G17,0)*0.1) | I17: =IF(H17="","",RANK(H17,$H$7:$H$21,0))
A18: ='Batch Test Results'!A17 -> 12 | B18: ='Batch Test Results'!B17 -> 0 | C18: =IFERROR('Batch Test Results'!H17,"") | D18: =IFERROR('Batch Test Results'!P17,"") | H18: =IF(B18="","",IFERROR(C18,0)*0.25+IFERROR(D18,0)*0.35+IFERROR(E18,0)*0.15+IFERROR(F18,0)*0.15+IFERROR(G18,0)*0.1) | I18: =IF(H18="","",RANK(H18,$H$7:$H$21,0))
A19: ='Batch Test Results'!A18 -> 13 | B19: ='Batch Test Results'!B18 -> 0 | C19: =IFERROR('Batch Test Results'!H18,"") | D19: =IFERROR('Batch Test Results'!P18,"") | H19: =IF(B19="","",IFERROR(C19,0)*0.25+IFERROR(D19,0)*0.35+IFERROR(E19,0)*0.15+IFERROR(F19,0)*0.15+IFERROR(G19,0)*0.1) | I19: =IF(H19="","",RANK(H19,$H$7:$H$21,0))
A20: ='Batch Test Results'!A19 -> 14 | B20: ='Batch Test Results'!B19 -> 0 | C20: =IFERROR('Batch Test Results'!H19,"") | D20: =IFERROR('Batch Test Results'!P19,"") | H20: =IF(B20="","",IFERROR(C20,0)*0.25+IFERROR(D20,0)*0.35+IFERROR(E20,0)*0.15+IFERROR(F20,0)*0.15+IFERROR(G20,0)*0.1) | I20: =IF(H20="","",RANK(H20,$H$7:$H$21,0))
A21: ='Batch Test Results'!A20 -> 15 | B21: ='Batch Test Results'!B20 -> 0 | C21: =IFERROR('Batch Test Results'!H20,"") | D21: =IFERROR('Batch Test Results'!O20,"") -> 0 | H21: =IF(B21="","",IFERROR(C21,0)*0.25+IFERROR(D21,0)*0.35+IFERROR(E21,0)*0.15+IFERROR(F21,0)*0.15+IFERROR(G21,0)*0.1) | I21: =IF(H21="","",RANK(H21,$H$7:$H$21,0))

Sheet How to Use
A1: How to use this scoring workbook
A3: 1. Submission deadline: set 2 hours before your Day 2 (2:00-3:30 PM) slot — e.g. 12:00 PM if the session starts at 2:00 PM.
A5: 2. BEFORE the live session — 'Batch Test Results' tab:
A6: - Run each team's submission against your fixed retrieval test questions (5 suggested) and the 6 hidden adversarial questions, plus the 3 positive-control questions (where the correct answer IS a connection) -- score that one in its own column (P), not folded into Fabrication %.
A7: - Mark 1 (pass/correct) or 0 (fail/incorrect) in the yellow cells. Retrieval % and Fabrication % calculate automatically.
A8: - This does NOT require the team present — do this in the gap between submission deadline and the live session.
A10: 3. DURING the live session — 'My Independent Scoring' tab:
A11: - Team #, Team Name, Retrieval %, and Fabrication % pull in automatically from the Batch tab (green text = auto-filled, do not edit).
A12: - Fill in Grounding Mechanism, Runs End-to-End, and Live Demo Clarity live, using the judges_evaluation_question_bank.md checklist.
A13: - Log which checkpoint question you asked and a brief note on their answer — useful if you need to justify a borderline score later.
A14: - Weighted Total and Rank calculate automatically as you go.
A16: 4. Keep this workbook to yourself while scoring if there are other judges — you asked to keep your evaluation independent. Compare/reconcile scores only after everyone has submitted theirs.
... A20: Rubric weights (fixed, from the workshop plan): Retrieval correctness 25% · No fabricated connections 35% · Grounding mechanism present 15% · Runs end-to-end 15% · Live demo clarity 10%.
